"lm.model","lm.AIC","lm.p_value","lm.std_err","lm.t_value","lm.estimate","anova.model","anova.p_value","anova.estimate","anova.std_err","tweedie.model","tweedie.AIC","tweedie.p_value","tweedie.std_err","tweedie.t_value","tweedie.estimate","tweedie.link.power","tweedie.var.power","quantile_regression.model","quantile_regression.AIC","quantile_regression.p_value","quantile_regression.estimate","quantile_regression.lower_bound","quantile_regression.upper_bound","quantile_regression.std_err","wilcoxon.model","wilcoxon.p_value"
"lm",2771.74229687698,0.297784750768054,34.6199766125497,1.04394274995202,36.1412735881798,"anova",0.194239728943757,0.111829343314461,0.0858538376708819,"tweedie",3453.70478837985,0.298072578279593,0.0799538261369665,1.04331931231468,0.0834173709021476,0,1.5,"quantile_regression",2782.2369427122,0.646403592703925,20.636963863388,-26.6546531694321,71.7297433977123,44.9151016881426,"wilcoxon",0.262588581230821
"lm",2770.90752755312,0.210939081646665,34.5478027132685,1.25505224502819,43.3592973560787,"anova",0.184242014457366,0.117346492273468,0.0880678534518512,"tweedie",3475.63746112883,0.211421362777528,0.0798433485218051,1.2537219277631,0.100101356827818,0,1.5,"quantile_regression",2783.73745693032,0.308539748292798,44.717721188685,-6.54618529063779,117.76604422709,43.801544654479,"wilcoxon",0.190725892878372
"lm",2774.88514281656,0.0833492052947737,34.8930611683333,1.74036134047768,60.7265347082902,"anova",0.0472712828661586,0.167936824977221,0.0841240093116381,"tweedie",3443.15749242499,0.0842924781978246,0.0776575497511516,1.73502461991748,0.134737760740715,0,1.5,"quantile_regression",2798.69634847383,0.0861154282283045,90.452323355522,28.429216840426,153.36127804388,52.4407667852371,"wilcoxon",0.0594197766857618
"lm",2742.4100230954,0.717604133026297,32.1721184158488,0.362179530942966,11.6520827572937,"anova",0.698593767274381,0.0317323873953951,0.0818304350230004,"tweedie",3321.76862534552,0.717740367286097,0.078692277005765,0.361996931832298,0.0284863628349842,0,1.5,"quantile_regression",2746.98216417449,0.872298062481054,6.47128592166098,-57.9283718837528,34.4999527084228,40.2071844283534,"wilcoxon",0.490032357071569
